City_ID,City,Country,Date,Lat,Lng,Max Temp,Humidity,Cloudiness,Wind Speed
0,Brae,GB,2021-05-26 11:09:28,60.3964,-1.353,49.91,82,100,22.57
1,Ixtapa,MX,2021-05-26 11:06:26,20.7,-105.2,73.22,88,1,4.61
2,Mahebourg,MU,2021-05-26 11:09:28,-20.4081,57.7,81.25,68,0,7.36
3,Rikitea,PF,2021-05-26 11:09:29,-23.1203,-134.9692,77.7,84,44,22.12
4,Maniitsoq,GL,2021-05-26 11:09:29,65.4167,-52.9,37.83,74,100,10.42
5,Barrow,US,2021-05-26 11:09:29,71.2906,-156.7887,26.62,86,90,9.22
6,Ponta Do Sol,PT,2021-05-26 11:06:15,32.6667,-17.1,71.71,69,99,2.51
7,Faya,SA,2021-05-26 11:09:30,18.3851,42.4509,84.72,20,16,1.41
8,Arraial Do Cabo,BR,2021-05-26 11:06:57,-22.9661,-42.0278,71.46,73,20,0.0
9,Buchanan,LR,2021-05-26 11:09:31,5.8808,-10.0467,82.36,69,98,4.12
10,Shubarshi,KZ,2021-05-26 11:09:31,48.5872,57.1869,95.22,13,41,4.81
11,Hermanus,ZA,2021-05-26 11:09:31,-34.4187,19.2345,68.81,59,76,1.92
12,Biu,NG,2021-05-26 11:09:32,10.6129,12.1946,94.35,27,43,7.74
13,Bethel,US,2021-05-26 11:09:32,41.3712,-73.414,65.28,89,99,1.01
14,Upernavik,GL,2021-05-26 11:09:32,72.7868,-56.1549,30.88,81,100,6.76
15,Hithadhoo,MV,2021-05-26 11:09:33,-0.6,73.0833,83.71,70,100,20.2
16,Jamestown,US,2021-05-26 11:09:34,42.097,-79.2353,72.99,68,75,9.22
17,Qaanaaq,GL,2021-05-26 11:06:53,77.484,-69.3632,30.52,78,14,8.1
18,Mayumba,GA,2021-05-26 11:09:35,-3.432,10.6554,82.85,77,69,9.51
19,Avarua,CK,2021-05-26 11:09:35,-21.2078,-159.775,75.25,94,78,4.61
20,Byron Bay,AU,2021-05-26 11:09:36,-28.65,153.6167,64.87,77,22,7.87
21,Esik,KZ,2021-05-26 11:09:36,43.3552,77.4525,85.42,55,89,5.93
22,Busselton,AU,2021-05-26 11:09:36,-33.65,115.3333,55.09,59,100,12.62
23,Puruandiro,MX,2021-05-26 11:09:37,20.0833,-101.5,60.57,56,51,1.16
24,Cherskiy,RU,2021-05-26 11:09:37,68.75,161.3,56.52,43,58,7.74
25,Punta Arenas,CL,2021-05-26 11:09:37,-53.15,-70.9167,35.62,75,20,15.79
26,Ulladulla,AU,2021-05-26 11:09:38,-35.35,150.4667,56.08,65,20,8.55
27,Pevek,RU,2021-05-26 11:06:20,69.7008,170.3133,26.89,86,50,2.42
28,Clyde River,CA,2021-05-26 11:09:38,70.4692,-68.5914,27.63,79,99,12.66
29,Tuatapere,NZ,2021-05-26 11:07:21,-46.1333,167.6833,40.14,90,54,4.97
30,Mehamn,NO,2021-05-26 11:09:39,71.0357,27.8492,41.18,65,75,1.14
31,Hobart,AU,2021-05-26 11:09:39,-42.8794,147.3294,49.91,66,20,5.01
32,Nikolskoye,RU,2021-05-26 11:09:39,59.7035,30.7861,53.4,73,100,12.5
33,Morro Bay,US,2021-05-26 11:08:04,35.3658,-120.8499,53.4,84,0,5.7
34,Kapaa,US,2021-05-26 11:06:33,22.0752,-159.319,73.38,72,1,6.44
35,Nishihara,JP,2021-05-26 11:09:40,26.1842,127.7558,83.86,88,20,10.13
36,Ushuaia,AR,2021-05-26 11:07:38,-54.8,-68.3,29.23,94,87,4.76
37,Dezhou,CN,2021-05-26 11:09:41,37.4486,116.2925,79.59,25,62,3.83
38,Butaritari,KI,2021-05-26 11:09:41,3.0707,172.7902,82.92,79,100,18.92
39,Dehloran,IR,2021-05-26 11:09:41,32.6941,47.2679,97.75,12,0,13.78
40,Castro,BR,2021-05-26 11:09:42,-24.7911,-50.0119,52.34,54,15,1.41
41,Fairbanks,US,2021-05-26 11:05:34,64.8378,-147.7164,48.81,61,1,0.0
42,Atbasar,KZ,2021-05-26 11:09:42,51.8,68.3333,93.85,17,62,17.02
43,San Quintin,MX,2021-05-26 11:09:43,30.4833,-115.95,59.05,89,77,3.71
44,Nkowakowa,ZA,2021-05-26 11:09:43,-23.8878,30.2871,66.25,16,100,2.62
45,Ribeira Grande,PT,2021-05-26 11:06:16,38.5167,-28.7,64.8,82,40,10.36
46,Yar-Sale,RU,2021-05-26 11:09:43,66.8333,70.8333,41.5,60,100,13.73
47,Aykhal,RU,2021-05-26 11:09:44,66.0,111.5,52.14,58,76,7.31
48,Hilo,US,2021-05-26 11:09:44,19.7297,-155.09,73.13,88,90,0.0
49,Shasta Lake,US,2021-05-26 11:05:30,40.6804,-122.3708,63.32,57,48,6.04
50,Saskylakh,RU,2021-05-26 11:09:44,71.9167,114.0833,47.77,87,92,2.35
51,Jalu,LY,2021-05-26 11:09:45,29.0331,21.5482,99.41,7,0,6.38
52,Sainte-Anne-Des-Monts,CA,2021-05-26 11:09:45,49.124,-66.4924,55.53,98,99,2.53
53,Albany,US,2021-05-26 11:09:46,42.6001,-73.9662,68.14,83,100,4.07
54,Smithers,CA,2021-05-26 11:09:46,54.7804,-127.1743,44.31,66,100,1.16
55,Flin Flon,CA,2021-05-26 11:09:46,54.7682,-101.865,24.51,73,3,3.85
56,Narasannapeta,IN,2021-05-26 11:09:47,18.4167,84.05,94.73,35,100,4.09
57,Atar,MR,2021-05-26 11:09:47,20.5169,-13.0499,92.57,18,4,11.86
58,Nemuro,JP,2021-05-26 11:07:59,43.3236,145.575,47.19,82,78,11.03
59,Los Llanos De Aridane,ES,2021-05-26 11:06:21,28.6585,-17.9182,65.95,78,75,11.16
60,Fort Nelson,CA,2021-05-26 11:09:48,58.8053,-122.7002,42.39,87,90,6.91
61,Leshukonskoye,RU,2021-05-26 11:09:48,64.8989,45.7622,47.32,33,91,6.44
62,Port-Gentil,GA,2021-05-26 11:09:49,-0.7193,8.7815,80.91,84,71,13.58
63,Eureka,US,2021-05-26 11:06:44,40.8021,-124.1637,52.2,91,98,3.0
64,Hami,CN,2021-05-26 11:09:49,42.8,93.45,91.06,8,0,12.39
65,Petauke,ZM,2021-05-26 11:09:49,-14.2426,31.3253,78.66,27,0,2.42
66,Chokurdakh,RU,2021-05-26 11:09:50,70.6333,147.9167,33.8,86,14,9.62
67,Longyearbyen,SJ,2021-05-26 11:09:50,78.2186,15.6401,33.64,69,75,12.66
68,Kruisfontein,ZA,2021-05-26 11:09:50,-34.0033,24.7314,67.89,50,97,5.75
69,Faanui,PF,2021-05-26 11:09:51,-16.4833,-151.75,80.73,72,29,11.65
70,Padang,ID,2021-05-26 11:07:18,-0.9492,100.3543,86.05,83,92,1.66
71,Tiksi,RU,2021-05-26 11:09:51,71.6872,128.8694,33.53,96,11,5.88
72,Port Alfred,ZA,2021-05-26 11:06:42,-33.5906,26.891,67.3,70,98,9.55
73,Chuy,UY,2021-05-26 11:09:52,-33.6971,-53.4616,44.46,76,55,5.1
74,Airai,TL,2021-05-26 11:09:52,-8.9266,125.4092,60.26,94,82,3.53
75,Sergeyevka,KZ,2021-05-26 11:09:52,53.88,67.4158,84.58,37,66,22.3
76,Linguere,SN,2021-05-26 11:09:53,15.3953,-15.1193,101.01,11,88,14.43
77,Biak,ID,2021-05-26 11:08:01,-0.9131,122.8766,78.6,81,9,5.28
78,Alekseyevka,RU,2021-05-26 11:09:53,50.6309,38.6903,73.35,45,100,4.16
79,Sur,OM,2021-05-26 11:09:54,22.5667,59.5289,99.84,34,0,6.53
80,Atuona,PF,2021-05-26 11:09:54,-9.8,-139.0333,78.69,69,43,12.53
81,Bambous Virieux,MU,2021-05-26 11:09:55,-20.3428,57.7575,81.21,68,0,8.01
82,Deputatskiy,RU,2021-05-26 11:09:55,69.3,139.9,46.65,60,63,20.11
83,Cape Town,ZA,2021-05-26 11:05:13,-33.9258,18.4232,68.11,55,98,4.79
84,Dikson,RU,2021-05-26 11:07:30,73.5069,80.5464,29.8,77,59,14.32
85,Lavrentiya,RU,2021-05-26 11:09:57,65.5833,-171.0,33.1,70,44,11.43
86,Labuhan,ID,2021-05-26 11:09:57,-6.8844,112.2051,82.85,77,29,11.39
87,New Norfolk,AU,2021-05-26 11:09:58,-42.7826,147.0587,49.57,51,79,10.4
88,Vao,NC,2021-05-26 11:09:58,-22.6667,167.4833,71.1,70,3,12.17
89,Provideniya,RU,2021-05-26 11:09:58,64.3833,-173.3,42.75,48,99,14.18
90,Khandyga,RU,2021-05-26 11:06:24,62.6667,135.6,49.53,75,99,5.32
91,Soyo,AO,2021-05-26 11:09:59,-6.1349,12.3689,85.35,63,20,8.66
92,Port Moresby,PG,2021-05-26 11:09:59,-9.4431,147.1797,74.53,80,23,14.05
93,Ilulissat,GL,2021-05-26 11:10:00,69.2167,-51.1,48.22,49,40,17.27
94,Guerrero Negro,MX,2021-05-26 11:10:00,27.9769,-114.0611,59.36,91,41,5.28
95,Cidreira,BR,2021-05-26 11:10:01,-30.1811,-50.2056,52.72,80,0,7.96
96,Akhalgori,GE,2021-05-26 11:10:01,42.126,44.4833,67.51,54,37,9.44
97,Los Zacatones,MX,2021-05-26 11:10:01,22.95,-102.05,60.35,82,32,11.99
98,Dubai,AE,2021-05-26 11:06:14,25.2582,55.3047,106.21,51,0,13.87
99,East London,ZA,2021-05-26 11:06:51,-33.0153,27.9116,67.71,73,79,9.66
100,Thompson,CA,2021-05-26 11:06:13,55.7435,-97.8558,24.96,80,90,5.75
101,Tezu,IN,2021-05-26 11:10:04,27.9167,96.1667,84.99,79,70,1.68
102,Carnarvon,AU,2021-05-26 11:10:05,-24.8667,113.6333,66.27,82,75,5.75
103,Fortuna,US,2021-05-26 11:10:05,40.5982,-124.1573,51.93,68,90,1.99
104,Alta Floresta,BR,2021-05-26 11:10:06,-9.8756,-56.0861,70.59,85,24,1.86
105,Coro,VE,2021-05-26 11:10:06,11.4045,-69.6734,76.62,85,100,13.47
106,Tommot,RU,2021-05-26 11:10:07,58.9564,126.2925,53.01,64,84,4.12
107,Salalah,OM,2021-05-26 11:10:07,17.0151,54.0924,86.77,58,1,11.07
108,Huarmey,PE,2021-05-26 11:10:08,-10.0681,-78.1522,66.0,88,57,3.09
109,Juegang,CN,2021-05-26 11:10:08,32.3174,121.1855,63.75,97,100,7.27
110,Poum,NC,2021-05-26 11:10:08,-20.2333,164.0167,73.24,55,2,14.12
111,Isangel,VU,2021-05-26 11:10:01,-19.55,169.2667,71.46,70,5,9.71
112,Fangshan,CN,2021-05-26 11:10:09,39.6983,115.9925,73.18,42,85,2.37
113,Sola,VU,2021-05-26 11:10:09,-13.8833,167.55,77.34,59,97,13.85
114,Qeshm,IR,2021-05-26 11:10:09,26.9581,56.2719,109.27,38,0,18.3
115,Gizo,SB,2021-05-26 11:10:10,-8.103,156.8419,81.14,81,98,14.41
116,Touros,BR,2021-05-26 11:10:10,-5.1989,-35.4608,81.5,74,19,16.49
117,Iqaluit,CA,2021-05-26 11:10:11,63.7506,-68.5145,25.7,79,95,5.01
118,Yerbogachen,RU,2021-05-26 11:10:11,61.2767,108.0108,52.27,29,81,5.48
119,Praxedis Guerrero,MX,2021-05-26 11:10:11,31.3667,-106.0167,71.82,13,3,4.25
120,Bereda,ES,2021-05-26 11:10:12,43.2686,-7.5406,70.41,68,100,4.14
121,Meadow Lake,US,2021-05-26 11:07:55,34.8014,-106.5436,63.68,14,62,7.87
122,Tasiilaq,GL,2021-05-26 11:10:12,65.6145,-37.6368,37.56,94,100,40.42
123,Geraldton,AU,2021-05-26 11:10:13,-28.7667,114.6,64.81,34,100,11.03
124,Fort Myers Beach,US,2021-05-26 11:06:31,26.452,-81.9481,71.01,89,1,9.86
125,Khatanga,RU,2021-05-26 11:10:13,71.9667,102.5,32.22,100,100,8.43
126,Pisco,PE,2021-05-26 11:10:13,-13.7,-76.2167,64.45,88,75,3.44
127,Yellowknife,CA,2021-05-26 11:10:14,62.456,-114.3525,31.28,63,11,5.99
128,Pangai,TO,2021-05-26 11:10:14,-19.8,-174.35,72.25,87,100,11.21
129,Las Vegas,US,2021-05-26 11:06:10,36.175,-115.1372,79.16,17,90,8.99
130,Sainte-Rose,GP,2021-05-26 11:10:15,16.3324,-61.6979,78.84,78,0,14.09
131,Praia Da Vitoria,PT,2021-05-26 11:10:15,38.7333,-27.0667,63.75,89,100,15.28
132,Purpe,RU,2021-05-26 11:10:15,64.4803,76.6897,52.63,32,99,13.89
133,Matara,LK,2021-05-26 11:10:16,5.9485,80.5353,83.44,76,97,18.39
134,Kodiak,US,2021-05-26 11:05:58,57.79,-152.4072,47.71,66,1,16.11
135,Santa Maria,BR,2021-05-26 11:10:16,-29.6842,-53.8069,48.02,77,0,1.99
136,Whitehorse,CA,2021-05-26 11:07:28,60.7161,-135.0538,42.31,75,100,4.0
137,Awjilah,LY,2021-05-26 11:10:17,29.1081,21.2869,99.36,7,0,7.63
138,Longyan,CN,2021-05-26 11:10:17,25.1072,117.0225,76.55,91,61,3.85
139,Mataura,NZ,2021-05-26 11:06:18,-46.1927,168.8643,34.97,87,12,2.51
140,Port Elizabeth,ZA,2021-05-26 11:10:17,-33.918,25.5701,70.11,59,92,5.64
141,Turukhansk,RU,2021-05-26 11:10:18,65.8167,87.9833,39.92,52,16,13.27
142,Vaini,TO,2021-05-26 11:10:18,-21.2,-175.2,68.16,94,40,1.14
143,Ahuimanu,US,2021-05-26 11:10:19,21.4447,-157.8378,74.46,78,20,6.33
144,Tolmezzo,IT,2021-05-26 11:10:19,46.4075,13.0175,66.76,73,92,1.7
145,Jiuquan,CN,2021-05-26 11:10:19,39.7432,98.5174,80.53,10,0,12.64
146,La Ronge,CA,2021-05-26 11:07:33,55.1001,-105.2842,28.8,64,0,4.36
147,Shimoda,JP,2021-05-26 11:07:28,34.6667,138.95,69.17,73,98,5.53
148,San Ramon,US,2021-05-26 11:10:20,37.7799,-121.978,53.49,86,1,1.01
149,Bitkine,TD,2021-05-26 11:10:20,11.9801,18.2138,101.62,5,66,4.5
150,Sao Filipe,CV,2021-05-26 11:10:20,14.8961,-24.4956,74.43,75,1,8.3
151,Roald,NO,2021-05-26 11:10:21,62.5833,6.1333,65.32,51,0,14.97
152,Mayo,US,2021-05-26 11:10:21,38.8876,-76.5119,72.41,96,75,7.2
153,Ostrovnoy,RU,2021-05-26 11:10:22,68.0531,39.5131,38.66,59,77,7.2
154,Kashi,CN,2021-05-26 11:10:22,39.4547,75.9797,82.98,11,78,5.64
155,Sturgis,US,2021-05-26 11:10:23,41.7992,-85.4192,66.94,57,90,8.05
156,Bredasdorp,ZA,2021-05-26 11:10:23,-34.5322,20.0403,68.29,52,95,2.77
157,Victoria,HK,2021-05-26 11:05:33,22.2855,114.1577,87.33,78,16,1.99
158,Koslan,RU,2021-05-26 11:10:24,63.4564,48.8989,45.07,44,100,5.19
159,Saint-Philippe,RE,2021-05-26 11:10:24,-21.3585,55.7679,81.95,79,47,0.38
160,Tabou,CI,2021-05-26 11:10:24,4.423,-7.3528,85.71,68,72,6.44
161,Lasa,IT,2021-05-26 11:10:25,46.6166,10.7002,62.62,72,46,4.65
162,Irbil,IQ,2021-05-26 11:07:29,36.1926,44.0106,91.62,17,0,7.23
163,Hofn,IS,2021-05-26 11:10:25,64.2539,-15.2082,50.02,66,20,10.36
164,Chifeng,CN,2021-05-26 11:08:12,42.2683,118.9636,62.56,36,47,6.29
165,Bluff,NZ,2021-05-26 11:10:26,-46.6,168.3333,42.89,76,18,5.44
166,Devonport,AU,2021-05-26 11:10:26,-41.1667,146.35,50.09,84,51,14.92
167,Fukue,JP,2021-05-26 11:10:26,32.6881,128.8419,59.56,84,100,13.04
168,Mar Del Plata,AR,2021-05-26 11:09:09,-38.0023,-57.5575,50.0,60,100,8.01
169,Wilmington,US,2021-05-26 11:06:26,34.2257,-77.9447,75.94,87,1,8.05
170,Port Keats,AU,2021-05-26 11:10:27,-14.25,129.55,77.45,63,79,2.04
171,Ampanihy,MG,2021-05-26 11:10:27,-24.7,44.75,82.53,31,0,0.94
172,Leningradskiy,RU,2021-05-26 11:07:52,69.3833,178.4167,26.78,96,40,7.14
173,Tromso,NO,2021-05-26 11:10:28,69.6496,18.957,54.25,57,0,19.57
174,Kalmunai,LK,2021-05-26 11:10:28,7.4167,81.8167,86.11,58,100,10.25
175,Ajaccio,FR,2021-05-26 11:09:11,42.0,8.9167,68.49,64,0,7.9
176,Tessalit,ML,2021-05-26 11:10:29,20.1986,1.0114,107.73,4,99,16.53
177,Kaitangata,NZ,2021-05-26 11:07:35,-46.2817,169.8464,33.93,78,7,3.91
178,Samarai,PG,2021-05-26 11:10:29,-10.6167,150.6667,78.26,72,95,16.11
179,Sambava,MG,2021-05-26 11:10:29,-14.2667,50.1667,80.01,67,1,11.01
180,Tadine,NC,2021-05-26 11:10:30,-21.55,167.8833,69.89,72,1,11.81
181,Harwich,GB,2021-05-26 11:10:30,51.9419,1.2844,57.99,66,50,10.0
182,Omboue,GA,2021-05-26 11:10:30,-1.5746,9.2618,83.43,78,80,9.48
183,Palatka,US,2021-05-26 11:10:31,29.6486,-81.6376,71.01,83,94,2.98
184,Praia,CV,2021-05-26 11:10:31,14.9215,-23.5087,74.44,72,4,15.86
185,Lahij,YE,2021-05-26 11:10:31,13.1667,44.5833,94.44,35,21,13.09
186,Port Hedland,AU,2021-05-26 11:08:14,-20.3167,118.5667,77.05,33,75,8.05
187,Aitape,PG,2021-05-26 11:10:32,-3.1374,142.3475,79.84,83,88,0.65
188,Vanavara,RU,2021-05-26 11:10:32,60.34,102.2797,44.13,38,100,3.36
189,Tuktoyaktuk,CA,2021-05-26 11:06:39,69.4541,-133.0374,30.54,81,100,4.7
190,Beloha,MG,2021-05-26 11:10:33,-25.1667,45.05,81.57,34,0,2.89
191,Anaconda,US,2021-05-26 11:10:33,46.1285,-112.9423,42.96,96,100,2.46
192,Ngaoundere,CM,2021-05-26 11:10:34,7.3167,13.5833,77.54,67,93,4.03
193,Georgetown,MY,2021-05-26 11:10:13,5.4112,100.3354,87.89,71,20,1.01
194,Santa Cruz Cabralia,BR,2021-05-26 11:10:34,-16.2781,-39.0247,73.63,94,33,3.53
195,Vostok,RU,2021-05-26 11:10:35,46.4856,135.8833,42.94,85,83,4.83
196,Mogzon,RU,2021-05-26 11:10:35,51.7435,111.9606,50.22,60,100,10.45
197,Sao Sebastiao Do Paraiso,BR,2021-05-26 11:10:35,-20.9169,-46.9914,65.21,32,33,1.9
198,Mosetse,BW,2021-05-26 11:10:36,-20.75,26.65,75.54,19,54,4.38
199,Vardo,NO,2021-05-26 11:10:36,70.3705,31.1107,43.0,70,75,4.61
200,Hopelchen,MX,2021-05-26 11:10:36,19.7667,-89.85,72.48,97,96,4.25
201,Laguna De Perlas,NI,2021-05-26 11:10:37,12.3429,-83.6712,77.49,91,99,10.29
202,Coihaique,CL,2021-05-26 11:07:34,-45.5752,-72.0662,46.35,76,0,3.44
203,Matay,EG,2021-05-26 11:10:37,28.419,30.7792,99.7,10,0,10.07
204,Ancud,CL,2021-05-26 11:10:38,-41.8697,-73.8203,51.42,92,100,5.95
205,Naze,JP,2021-05-26 11:10:38,28.3667,129.4833,74.21,92,90,12.64
206,Vallenar,CL,2021-05-26 11:10:38,-28.5708,-70.7581,62.02,14,74,3.27
207,Harper,LR,2021-05-26 11:10:32,4.375,-7.7169,85.82,68,76,6.33
208,Axim,GH,2021-05-26 11:08:34,4.8699,-2.2405,85.98,68,98,7.99
209,Komsomolskiy,UZ,2021-05-26 11:10:39,40.4272,71.7189,89.02,22,58,11.5
210,Yerofey Pavlovich,RU,2021-05-26 11:10:39,53.9667,121.9667,43.88,95,100,6.98
211,Karratha,AU,2021-05-26 11:10:40,-20.7377,116.8463,76.87,61,5,8.55
212,Bengkulu,ID,2021-05-26 11:10:40,-3.8004,102.2655,82.94,79,78,4.18
213,Saint Anthony,US,2021-05-26 11:10:41,45.0205,-93.218,58.93,69,1,4.0
214,Norman Wells,CA,2021-05-26 11:10:41,65.282,-126.8329,42.53,55,100,3.67
215,Souillac,MU,2021-05-26 11:08:46,-20.5167,57.5167,81.36,66,0,8.66
216,Tafresh,IR,2021-05-26 11:10:41,34.692,50.013,70.66,24,84,17.52
217,Yenagoa,NG,2021-05-26 11:10:42,4.9247,6.2642,88.21,65,100,6.42
218,Itoman,JP,2021-05-26 11:10:42,26.1247,127.6694,84.58,89,20,8.05
219,Port Lincoln,AU,2021-05-26 11:10:42,-34.7333,135.8667,58.64,70,91,7.11
220,Lompoc,US,2021-05-26 11:08:49,34.6391,-120.4579,57.56,81,90,4.61
221,Broken Hill,AU,2021-05-26 11:10:43,-31.95,141.4333,51.44,52,0,7.83
222,Sakakah,SA,2021-05-26 11:10:43,29.9697,40.2064,97.25,9,0,6.6
223,Necochea,AR,2021-05-26 11:10:44,-38.5473,-58.7368,50.67,55,100,17.83
224,Yumen,CN,2021-05-26 11:10:44,40.2833,97.2,81.09,7,0,10.67
225,Cap Malheureux,MU,2021-05-26 11:10:41,-19.9842,57.6142,81.46,61,0,7.0
226,Westport,US,2021-05-26 11:08:01,41.1415,-73.3579,66.51,92,1,1.99
227,Ereymentau,KZ,2021-05-26 11:10:45,51.6199,73.1033,88.2,25,30,6.78
228,Richards Bay,ZA,2021-05-26 11:10:45,-28.783,32.0377,72.95,46,59,7.94
229,Ushtobe,KZ,2021-05-26 11:10:45,45.2514,77.9838,94.55,14,2,9.86
230,Priargunsk,RU,2021-05-26 11:10:46,50.3691,119.1012,52.74,50,63,6.29
231,Tiznit,MA,2021-05-26 11:10:46,29.5833,-9.5,75.51,41,0,8.86
232,Bukama,CD,2021-05-26 11:10:47,-9.2,25.85,88.48,24,8,1.03
233,Talnakh,RU,2021-05-26 11:07:19,69.4865,88.3972,29.17,78,96,10.04
234,Rawah,IQ,2021-05-26 11:10:47,34.4816,41.9093,99.18,10,0,14.05
235,Camacha,PT,2021-05-26 11:10:28,33.0833,-16.3333,63.82,63,75,17.27
236,Tyazhinskiy,RU,2021-05-26 11:10:48,56.116,88.524,63.03,50,49,5.59
237,Baker City,US,2021-05-26 11:10:48,44.7749,-117.8344,47.14,87,90,3.44
238,Panama City,PA,2021-05-26 11:07:54,8.9936,-79.5197,80.44,89,98,4.92
239,Hastings,GB,2021-05-26 11:10:49,50.8552,0.5729,58.98,52,32,16.93
240,Korla,CN,2021-05-26 11:10:49,41.7597,86.1469,90.37,9,9,8.03
241,Narsaq,GL,2021-05-26 11:10:50,60.9167,-46.05,32.22,68,100,2.26
242,Wanning,CN,2021-05-26 11:10:50,18.8003,110.3967,84.29,77,18,10.29
243,Mahibadhoo,MV,2021-05-26 11:10:50,3.7833,72.9667,83.91,76,100,23.0
244,Aryanah,TN,2021-05-26 11:08:03,36.8601,10.1934,76.87,27,0,5.75
245,Roy,US,2021-05-26 11:10:51,41.1616,-112.0263,56.89,67,1,5.75
246,Pindasan,PH,2021-05-26 11:10:51,7.2843,125.858,82.35,85,95,2.13
247,Cabo San Lucas,MX,2021-05-26 11:08:53,22.8909,-109.9124,79.41,53,92,9.24
248,Mount Isa,AU,2021-05-26 11:10:52,-20.7333,139.5,71.37,23,15,17.27
249,Torbay,CA,2021-05-26 11:10:52,47.6666,-52.7314,45.57,97,90,14.97
250,Breves,BR,2021-05-26 11:10:53,-1.6822,-50.4803,78.35,83,30,3.04
251,Carbonear,CA,2021-05-26 11:10:53,47.7332,-53.2148,46.42,97,100,9.08
252,Lhokseumawe,ID,2021-05-26 11:10:53,5.1801,97.1507,82.31,79,100,2.17
253,Swift Current,CA,2021-05-26 11:10:54,50.2834,-107.8014,35.94,91,44,7.16
254,Mbandaka,CD,2021-05-26 11:10:54,0.0487,18.2603,91.06,44,40,3.71
255,Tarakan,ID,2021-05-26 11:07:48,3.3,117.6333,83.7,79,20,3.44
256,Cherepovets,RU,2021-05-26 11:10:55,59.1333,37.9,60.62,48,20,6.42
257,Suratgarh,IN,2021-05-26 11:10:55,29.3167,73.9,109.11,10,1,5.7
258,Beringovskiy,RU,2021-05-26 11:10:56,63.05,179.3167,29.21,96,88,8.75
259,Puerto Ayora,EC,2021-05-26 11:07:25,-0.7393,-90.3518,73.54,92,22,1.99
260,San Pedro,PH,2021-05-26 11:10:56,14.35,121.0167,89.35,71,40,6.85
261,Pangnirtung,CA,2021-05-26 11:10:57,66.1451,-65.7125,22.82,82,14,2.8
262,Tawau,MY,2021-05-26 11:10:58,4.2498,117.8871,80.49,81,79,4.59
263,Miri,MY,2021-05-26 11:10:58,4.4148,114.0089,81.97,75,35,6.22
264,Macaas,PH,2021-05-26 11:10:58,10.6989,124.0086,85.55,82,99,4.12
265,Singaparna,ID,2021-05-26 11:10:59,-7.3515,108.111,75.7,84,38,2.17
266,Springdale,US,2021-05-26 11:10:59,36.1867,-94.1288,65.68,98,90,5.75
267,Ahipara,NZ,2021-05-26 11:06:54,-35.1667,173.1667,54.97,75,51,6.2
268,Nargana,PA,2021-05-26 11:10:59,9.4428,-78.5906,79.18,90,99,8.16
269,Tautira,PF,2021-05-26 11:08:03,-17.7333,-149.15,77.02,74,18,6.17
270,Ginir,ET,2021-05-26 11:11:00,7.1333,40.7,71.73,55,90,8.79
271,Lagos,NG,2021-05-26 11:10:09,6.5833,3.75,89.33,61,100,8.7
272,Badulla,LK,2021-05-26 11:11:00,6.9895,81.0557,78.78,64,100,4.47
273,Port Augusta,AU,2021-05-26 11:11:01,-32.5,137.7667,48.34,67,0,9.4
274,Port Hardy,CA,2021-05-26 11:11:01,50.6996,-127.4199,46.24,82,100,5.32
275,Udachnyy,RU,2021-05-26 11:11:02,66.4167,112.4,55.2,47,89,4.36
276,De Land,US,2021-05-26 11:11:02,29.0283,-81.3031,71.69,96,1,0.0
277,Mingshui,CN,2021-05-26 11:11:02,36.7167,117.5,65.62,47,79,3.13
278,Husavik,IS,2021-05-26 11:06:59,66.0449,-17.3389,49.3,61,16,1.92
279,Rivadavia,AR,2021-05-26 11:11:03,-33.1905,-68.4608,49.17,53,8,1.79
280,General Roca,AR,2021-05-26 11:11:03,-39.0333,-67.5833,45.0,61,96,20.98
281,Kudahuvadhoo,MV,2021-05-26 11:11:04,2.6708,72.8944,83.98,74,100,22.01
282,Acari,PE,2021-05-26 11:11:04,-15.4311,-74.6158,68.81,71,99,1.54
283,Quatre Cocos,MU,2021-05-26 11:07:59,-20.2078,57.7625,81.09,67,0,8.84
284,Elizabeth City,US,2021-05-26 11:11:05,36.2946,-76.2511,74.01,97,1,6.91
285,Ismailia,EG,2021-05-26 11:11:05,30.6043,32.2723,97.0,13,0,11.56
286,Kurri Kurri,AU,2021-05-26 11:11:05,-32.8167,151.4833,61.41,59,0,6.02
287,Puerto El Triunfo,SV,2021-05-26 11:11:06,13.2833,-88.55,77.16,82,100,5.35
288,Jonesboro,US,2021-05-26 11:10:43,35.8423,-90.7043,71.69,83,75,13.0
289,Esperanca,BR,2021-05-26 11:11:06,-7.0331,-35.8572,70.74,84,45,14.99
290,Mount Gambier,AU,2021-05-26 11:11:07,-37.8333,140.7667,50.86,83,36,8.12
291,Muros,ES,2021-05-26 11:11:07,42.7762,-9.0603,77.16,44,97,8.34
292,Obihiro,JP,2021-05-26 11:11:08,42.9172,143.2044,61.21,27,20,5.75
293,Edd,ER,2021-05-26 11:11:08,13.9297,41.6925,95.72,51,33,17.36
294,Phan Thiet,VN,2021-05-26 11:11:08,10.9333,108.1,76.55,95,100,6.6
295,Artsyz,UA,2021-05-26 11:11:09,45.9919,29.4182,76.91,41,13,7.23
296,Flinders,AU,2021-05-26 11:11:09,-34.5833,150.8552,56.8,63,0,14.67
297,San Patricio,US,2021-05-26 11:11:09,28.017,-97.5169,80.46,96,67,7.34
298,Saint-Augustin,CA,2021-05-26 11:11:10,51.226,-58.6502,40.15,49,24,5.28
299,Vagur,FO,2021-05-26 11:11:10,61.4732,-6.8119,44.33,83,25,23.0
300,Qaqortoq,GL,2021-05-26 11:11:10,60.7167,-46.0333,32.5,68,99,1.81
301,Cravo Norte,CO,2021-05-26 11:11:11,6.3017,-70.2041,73.47,95,90,1.14
302,Baruun-Urt,MN,2021-05-26 11:11:11,46.6806,113.2792,57.72,34,94,6.58
303,Joshimath,IN,2021-05-26 11:11:12,30.5667,79.5667,73.72,48,14,4.72
304,Muzhi,RU,2021-05-26 11:08:09,65.3667,64.6667,45.86,47,100,14.65
305,Te Anau,NZ,2021-05-26 11:11:12,-45.4167,167.7167,38.28,93,37,2.39
306,Maceio,BR,2021-05-26 11:09:26,-9.6658,-35.7353,81.84,78,75,11.43
307,Nanortalik,GL,2021-05-26 11:11:13,60.1432,-45.2371,36.0,85,99,6.22
308,Vestmanna,FO,2021-05-26 11:11:13,62.1564,-7.1664,49.12,76,75,12.3
309,Grants,US,2021-05-26 11:11:14,35.1473,-107.8514,44.83,16,1,6.91
310,Kavaratti,IN,2021-05-26 11:11:14,10.5669,72.642,83.35,74,85,17.78
311,Bozeman,US,2021-05-26 11:11:14,45.6796,-111.0386,45.82,91,75,4.0
312,Kropotkin,RU,2021-05-26 11:11:15,45.4375,40.5756,71.01,66,46,9.24
313,Makakilo City,US,2021-05-26 11:11:06,21.3469,-158.0858,73.29,80,1,3.44
314,Lebu,CL,2021-05-26 11:11:15,-37.6167,-73.65,55.83,93,100,4.47
315,Lobva,RU,2021-05-26 11:11:15,59.1854,60.5185,60.57,62,87,13.06
316,Sarandi,BR,2021-05-26 11:11:16,-23.4436,-51.8739,58.91,51,53,1.72
317,Christchurch,NZ,2021-05-26 11:06:26,-43.5333,172.6333,51.91,90,75,5.01
318,Gat,IL,2021-05-26 11:10:10,31.61,34.7642,93.4,34,0,14.41
319,Hirado,JP,2021-05-26 11:11:16,33.3597,129.5531,63.36,77,100,17.0
320,San Miguel,SV,2021-05-26 11:07:50,13.4833,-88.1833,73.72,90,100,3.13
321,Alofi,NU,2021-05-26 11:11:17,-19.0595,-169.9187,78.49,79,100,17.43
322,Sabang,ID,2021-05-26 11:11:17,5.8933,95.3214,84.04,75,100,11.14
323,Shingu,JP,2021-05-26 11:11:18,33.7333,135.9833,67.91,72,100,3.96
324,Pacific Grove,US,2021-05-26 11:11:18,36.6177,-121.9166,51.48,91,2,1.99
325,Chiredzi,ZW,2021-05-26 11:11:18,-21.05,31.6667,79.74,22,0,1.5
326,Primorsk,UA,2021-05-26 11:11:19,46.7348,36.3443,71.24,57,100,6.98
327,Berlevag,NO,2021-05-26 11:11:19,70.8578,29.0864,41.0,65,75,6.91
328,Ekhabi,RU,2021-05-26 11:11:20,53.5102,142.9671,34.99,85,100,6.33
329,Tual,ID,2021-05-26 11:11:20,-5.6667,132.75,82.45,78,100,19.55
330,Srednekolymsk,RU,2021-05-26 11:11:20,67.45,153.6833,52.65,58,87,18.03
331,Bay Roberts,CA,2021-05-26 11:11:21,47.5999,-53.2648,46.33,95,100,5.01
332,Synya,RU,2021-05-26 11:11:21,65.3718,58.0387,46.78,32,96,11.01
333,Nara,JP,2021-05-26 11:11:21,34.6851,135.8049,69.49,37,99,2.42
334,Myre,NO,2021-05-26 11:11:22,69.1036,15.9492,51.71,71,2,17.22
335,Sioux Lookout,CA,2021-05-26 11:11:22,50.1001,-91.917,32.38,81,100,13.89
336,San Cristobal,VE,2021-05-26 11:08:03,7.7669,-72.225,69.98,95,97,3.15
337,Saint-Francois,FR,2021-05-26 11:11:23,46.4154,3.9054,66.18,60,90,9.22
338,Severo-Kurilsk,RU,2021-05-26 11:07:09,50.6789,156.125,38.1,98,100,14.74
339,Antofagasta,CL,2021-05-26 11:11:24,-23.65,-70.4,56.48,73,92,3.51
340,Maningrida,AU,2021-05-26 11:11:24,-12.0667,134.2667,78.85,60,92,12.97
341,Uray,RU,2021-05-26 11:11:24,60.1247,64.7758,51.53,93,100,11.56
342,Rocha,UY,2021-05-26 11:09:20,-34.4833,-54.3333,43.74,76,77,4.72
343,Sao Felix Do Xingu,BR,2021-05-26 11:08:07,-6.6447,-51.995,74.32,77,27,1.54
344,Margate,GB,2021-05-26 11:11:25,51.3813,1.3862,58.17,53,33,8.01
345,Hasaki,JP,2021-05-26 11:11:25,35.7333,140.8333,66.6,67,100,15.46
346,Havelock,US,2021-05-26 11:09:16,34.8791,-76.9013,75.94,90,33,3.0
347,Renfrew,GB,2021-05-26 11:11:26,55.872,-4.3925,60.33,69,20,3.44
348,Muncar,ID,2021-05-26 11:11:27,-8.4333,114.3333,78.71,85,41,5.35
349,Timmins,CA,2021-05-26 11:06:43,48.4669,-81.3331,62.13,87,100,13.02
350,Lorengau,PG,2021-05-26 11:11:27,-2.0226,147.2712,79.65,83,100,6.11
351,La Baule-Escoublac,FR,2021-05-26 11:11:28,47.2922,-2.364,57.7,87,90,17.31
352,Mayskiy,RU,2021-05-26 11:11:29,47.6931,40.1025,76.41,43,63,11.63
353,Devils Lake,US,2021-05-26 11:11:30,48.1128,-98.8651,35.94,77,90,7.0
354,Kapuskasing,CA,2021-05-26 11:11:30,49.4169,-82.4331,61.23,76,100,13.85
355,Rawson,AR,2021-05-26 11:11:30,-43.3002,-65.1023,46.36,73,33,13.89
356,Marquelia,MX,2021-05-26 11:11:31,16.5833,-98.8167,79.02,74,99,4.81
357,Aksarka,RU,2021-05-26 11:11:31,66.5606,67.7975,45.14,40,94,16.31
358,Palu,ID,2021-05-26 11:11:32,-0.8917,119.8707,78.51,94,78,1.81
359,Lunenburg,CA,2021-05-26 11:11:32,44.3835,-64.3155,59.52,82,100,11.16
360,Port Macquarie,AU,2021-05-26 11:11:32,-31.4333,152.9167,58.96,78,48,7.02
361,Aranda De Duero,ES,2021-05-26 11:11:33,41.6704,-3.6892,65.21,58,100,2.71
362,Gari,RU,2021-05-26 11:11:33,59.4307,62.3497,56.53,81,99,12.77
363,Xixiang,CN,2021-05-26 11:11:33,35.1628,112.865,84.31,17,75,13.62
364,Dingle,PH,2021-05-26 11:09:24,10.9995,122.6711,80.94,82,100,4.36
365,Luderitz,NA,2021-05-26 11:11:34,-26.6481,15.1594,74.8,50,4,9.89
366,Yei,SS,2021-05-26 11:11:34,4.095,30.6779,84.69,54,94,5.99
367,Khuzdar,PK,2021-05-26 11:11:35,27.7384,66.6434,97.99,6,0,16.64
368,Zhigansk,RU,2021-05-26 11:07:30,66.7697,123.3711,58.6,48,24,8.34
369,Gondar,ET,2021-05-26 11:11:36,12.6,37.4667,82.49,16,36,5.32
370,Caravelas,BR,2021-05-26 11:11:37,-17.7125,-39.2481,73.98,91,90,6.24
371,Puerto Ayacucho,VE,2021-05-26 11:11:37,5.6639,-67.6236,73.94,96,100,3.51
372,Say,NE,2021-05-26 11:11:37,13.1007,2.3689,104.34,23,7,11.43
373,Doba,TD,2021-05-26 11:11:38,8.65,16.85,102.24,24,61,4.29
374,Mananjary,MG,2021-05-26 11:11:38,-21.2167,48.3333,76.82,62,0,5.82
375,Marsaxlokk,MT,2021-05-26 11:11:39,35.8419,14.5431,79.41,38,20,12.66
376,Hay River,CA,2021-05-26 11:11:40,60.8156,-115.7999,30.72,61,53,8.28
377,Ust-Tsilma,RU,2021-05-26 11:11:41,65.441,52.1498,47.88,30,99,9.33
378,Salgueiro,BR,2021-05-26 11:11:41,-8.0742,-39.1192,76.64,68,4,15.52
379,Teocaltiche,MX,2021-05-26 11:11:41,21.4333,-102.5833,65.71,49,76,4.63
380,Nome,US,2021-05-26 11:11:42,64.5011,-165.4064,51.87,37,1,9.22
381,Kushima,JP,2021-05-26 11:11:42,31.4583,131.2333,67.12,86,100,6.96
382,Malatya,TR,2021-05-26 11:11:42,38.5,38.0,84.25,5,0,14.88
383,Sao Joao Da Barra,BR,2021-05-26 11:11:43,-21.6403,-41.0511,69.28,70,83,2.3
384,Chokwe,MZ,2021-05-26 11:11:43,-24.5333,32.9833,81.16,28,86,6.15
385,Maldonado,UY,2021-05-26 11:11:43,-34.6667,-54.9167,42.22,80,70,5.82
386,Cayenne,GF,2021-05-26 11:11:44,4.9333,-52.3333,79.09,90,75,5.64
387,Ozinki,RU,2021-05-26 11:11:44,51.1786,49.6769,75.51,30,29,20.42
388,Keti Bandar,PK,2021-05-26 11:11:44,24.1447,67.4497,89.11,72,0,19.86
389,Manzhouli,CN,2021-05-26 11:11:45,49.6,117.4333,49.44,68,90,1.74
390,Taoudenni,ML,2021-05-26 11:11:45,22.6783,-3.9836,104.18,14,100,18.92
391,Khani,GE,2021-05-26 11:11:45,41.9563,42.9566,63.97,57,32,7.74
392,Smidovich,RU,2021-05-26 11:11:46,48.6,133.8167,48.0,73,82,14.12
393,Rundu,NA,2021-05-26 11:11:46,-17.9333,19.7667,77.56,24,0,7.54
394,Pag,HR,2021-05-26 11:11:47,44.445,15.0575,73.98,58,0,5.82
395,Teguldet,RU,2021-05-26 11:11:47,57.3064,88.1667,61.75,24,24,4.61
396,Evensk,RU,2021-05-26 11:11:47,61.95,159.2333,39.07,88,100,21.25
397,Springfield,US,2021-05-26 11:08:44,37.2153,-93.2982,66.43,97,1,4.0
398,Kutum,SD,2021-05-26 11:11:48,14.2,24.6667,91.24,23,71,13.18
399,Nador,MA,2021-05-26 11:11:48,35.174,-2.9287,68.25,73,90,13.91
400,Ascension,US,2021-05-26 11:11:49,30.2169,-90.9001,71.6,97,3,0.0
401,Waingapu,ID,2021-05-26 11:11:49,-9.6567,120.2641,78.78,85,50,8.97
402,Acajutla,SV,2021-05-26 11:10:28,13.5928,-89.8275,75.79,76,97,4.76
403,Salmas,IR,2021-05-26 11:11:49,38.1973,44.7653,75.13,35,18,15.1
404,Vila Velha,BR,2021-05-26 11:10:23,-20.3297,-40.2925,71.55,87,75,1.01
405,Neiafu,TO,2021-05-26 11:11:50,-18.65,-173.9833,74.44,84,97,14.43
406,Svetlyy,RU,2021-05-26 11:11:50,54.675,20.1347,55.45,69,92,16.4
407,Manbij,SY,2021-05-26 11:11:51,36.5281,37.9549,92.17,7,0,5.28
408,Shatrovo,RU,2021-05-26 11:11:51,56.5167,64.6333,68.7,38,46,19.55
409,Maua,BR,2021-05-26 11:11:51,-23.6678,-46.4614,57.36,94,1,3.47
410,Pula,HR,2021-05-26 11:10:20,44.8683,13.8481,70.66,52,20,10.36
411,Constitucion,CL,2021-05-26 11:11:52,-35.3333,-72.4167,52.57,82,40,6.49
412,Clonakilty,IE,2021-05-26 11:11:52,51.6231,-8.8706,56.41,64,100,0.31
413,Kavieng,PG,2021-05-26 11:11:53,-2.5744,150.7967,79.72,83,100,3.2
414,Chongwe,ZM,2021-05-26 11:11:53,-15.3292,28.682,75.18,21,0,7.02
415,Spinea,IT,2021-05-26 11:11:53,45.4931,12.1606,70.97,61,20,3.94
416,Saldanha,ZA,2021-05-26 11:07:17,-33.0117,17.9442,61.66,64,83,4.0
417,Sitka,US,2021-05-26 11:11:54,57.0531,-135.33,46.29,87,90,4.61
418,Troitskoye,RU,2021-05-26 11:11:54,52.9821,84.6757,77.76,56,47,5.26
419,Kamenka,RU,2021-05-26 11:11:54,51.3223,42.7678,71.53,43,59,8.86
420,Nantucket,US,2021-05-26 11:11:55,41.2835,-70.0995,64.96,94,90,16.11
421,Takoradi,GH,2021-05-26 11:11:55,4.8845,-1.7554,86.13,68,96,8.88
422,Trat,TH,2021-05-26 11:11:56,12.5,102.5,79.59,90,100,3.87
423,Turbat,PK,2021-05-26 11:11:56,26.0023,63.044,113.5,11,0,11.23
424,Nevelsk,RU,2021-05-26 11:11:56,46.6733,141.8633,37.83,91,100,5.44
425,Dolinsk,RU,2021-05-26 11:11:57,47.35,142.8,39.06,97,100,1.59
426,Portland,US,2021-05-26 11:10:59,45.5234,-122.6762,52.14,90,75,1.01
427,Aklavik,CA,2021-05-26 11:11:57,68.2191,-135.0107,31.73,87,100,10.92
428,Yatou,CN,2021-05-26 11:11:58,37.15,122.3833,61.25,86,76,22.48
429,Torata,PE,2021-05-26 11:11:58,-17.0769,-70.8433,57.04,57,96,2.51
430,San Antonio,US,2021-05-26 11:09:45,29.4241,-98.4936,76.75,85,20,8.05
431,Goya,AR,2021-05-26 11:10:09,-29.14,-59.2626,49.77,78,65,3.71
432,Antalaha,MG,2021-05-26 11:11:22,-14.9003,50.2788,80.28,66,24,10.4
433,Lagoa,PT,2021-05-26 11:11:59,39.05,-27.9833,59.63,80,100,17.83
434,Puerto Penasco,MX,2021-05-26 11:11:59,31.3167,-113.5333,73.9,73,100,14.0
435,Lubbock,US,2021-05-26 11:11:59,33.6001,-101.8338,68.38,77,20,4.0
436,High Prairie,CA,2021-05-26 11:12:00,55.4334,-116.4858,39.88,71,99,9.8
437,Kholodnyy,RU,2021-05-26 11:12:00,62.7167,147.95,39.58,82,91,8.46
438,Novovarshavka,RU,2021-05-26 11:12:01,54.1721,74.6946,93.81,19,73,15.03
439,Sadovoye,RU,2021-05-26 11:12:01,47.7764,44.5089,66.15,58,100,12.33
440,Kardailovo,RU,2021-05-26 11:12:02,51.5386,53.9042,77.7,37,4,17.96
441,Kanye,BW,2021-05-26 11:12:02,-24.9667,25.3327,69.55,23,0,4.5
442,Vilhena,BR,2021-05-26 11:07:42,-12.7406,-60.1458,67.8,85,31,2.13
443,Kieta,PG,2021-05-26 11:12:02,-6.2167,155.6333,78.62,87,96,4.0
444,Nova Olinda Do Norte,BR,2021-05-26 11:12:03,-3.8881,-59.0942,75.92,94,83,1.41
445,Port Blair,IN,2021-05-26 11:12:03,11.6667,92.75,84.16,82,88,15.1
446,Ossora,RU,2021-05-26 11:12:04,59.2353,163.0719,34.92,99,100,7.23
447,Coquimbo,CL,2021-05-26 11:12:04,-29.9533,-71.3436,46.13,100,20,0.87
448,Mange,SL,2021-05-26 11:12:05,8.9167,-12.85,91.27,53,96,3.4
449,Aransas Pass,US,2021-05-26 11:12:05,27.9095,-97.15,80.6,94,75,7.0
450,Codrington,AU,2021-05-26 11:12:05,-38.2667,141.9667,50.29,86,50,10.54
451,Trinidad,BO,2021-05-26 11:12:06,-14.8333,-64.9,64.92,83,64,2.71
452,Demir Kapija,MK,2021-05-26 11:12:06,41.405,22.2489,79.47,54,74,6.06
453,Nanakuli,US,2021-05-26 11:08:17,21.3906,-158.1547,74.71,80,1,5.21
454,Laguna,US,2021-05-26 11:12:07,38.421,-121.4238,60.31,78,1,1.01
455,The Valley,AI,2021-05-26 11:11:02,18.217,-63.0578,81.1,72,71,16.84
456,Bahia Blanca,AR,2021-05-26 11:10:18,-38.7196,-62.2724,52.52,62,38,17.52
457,Rodrigues Alves,BR,2021-05-26 11:12:07,-7.738,-72.6509,69.39,96,71,0.74
458,Tupelo,US,2021-05-26 11:07:19,34.2576,-88.7034,71.89,80,90,4.0
459,Zeya,RU,2021-05-26 11:12:08,53.75,127.2667,43.07,79,100,4.43
460,Wufeng,CN,2021-05-26 11:12:08,27.45,104.8333,54.75,82,100,4.61
461,Saint George,US,2021-05-26 11:12:09,37.1041,-113.5841,75.34,18,1,3.0
462,Sibolga,ID,2021-05-26 11:12:09,1.7427,98.7792,81.68,85,99,1.72
463,Fort Frances,CA,2021-05-26 11:10:41,48.5999,-93.4003,36.16,78,75,1.99
464,Genc,TR,2021-05-26 11:12:10,38.7507,40.5603,82.76,16,0,5.57
465,Thinadhoo,MV,2021-05-26 11:10:56,0.5333,72.9333,83.68,68,99,21.59
466,Half Moon Bay,US,2021-05-26 11:12:10,37.4636,-122.4286,53.78,86,90,0.0
467,Zhumadian,CN,2021-05-26 11:12:10,32.9794,114.0294,77.09,63,92,13.29
468,Kindersley,CA,2021-05-26 11:12:11,51.4668,-109.1682,37.2,81,95,7.92
469,Liverpool,GB,2021-05-26 11:12:11,53.4106,-2.9779,55.35,74,75,7.0
470,Port Hawkesbury,CA,2021-05-26 11:10:13,45.6169,-61.3485,58.03,82,90,1.01
471,Grand Gaube,MU,2021-05-26 11:12:12,-20.0064,57.6608,81.37,61,0,7.0
472,Ocampo,MX,2021-05-26 11:12:12,21.65,-101.5,55.6,93,52,4.9
473,Awbari,LY,2021-05-26 11:12:13,26.5921,12.7805,103.05,7,4,1.1
474,Clinton,US,2021-05-26 11:12:13,42.587,-82.9199,72.01,78,90,1.99
475,Burgeo,CA,2021-05-26 11:12:13,47.6167,-57.6152,45.1,98,100,4.03
476,Kaspiyskiy,RU,2021-05-26 11:12:14,45.3929,47.3707,76.28,52,100,13.67
477,Ponta Delgada,PT,2021-05-26 11:12:14,37.7333,-25.6667,65.12,94,90,12.66
478,Hormigueros,PR,2021-05-26 11:12:14,18.1397,-67.1274,78.6,90,93,1.99
479,Altamira,BR,2021-05-26 11:12:15,-3.2033,-52.2064,75.56,84,63,0.34
480,Ust-Nera,RU,2021-05-26 11:12:15,64.5667,143.2,46.27,63,89,6.55
481,Baijiantan,CN,2021-05-26 11:12:16,45.6333,85.1833,96.22,9,0,5.06
482,Torrington,US,2021-05-26 11:12:16,41.8007,-73.1212,65.35,92,95,1.01
483,Shangrao,CN,2021-05-26 11:12:16,28.4532,117.9686,78.49,89,97,8.79
484,Scarborough,GB,2021-05-26 11:07:55,54.2797,-0.4044,51.62,91,98,1.99
485,Najran,SA,2021-05-26 11:08:57,17.4924,44.1277,97.75,8,69,17.22
486,Ola,RU,2021-05-26 11:12:17,59.5833,151.2833,40.55,83,100,5.59
487,Gilgit,PK,2021-05-26 11:12:17,35.9221,74.3087,77.79,22,18,1.36
488,Sangar,RU,2021-05-26 11:10:07,63.9242,127.4739,54.34,69,91,6.46
489,Batemans Bay,AU,2021-05-26 11:12:18,-35.7167,150.1833,55.9,67,36,5.97
490,Gumdag,TM,2021-05-26 11:12:18,39.2061,54.5906,86.58,35,92,17.27
491,Kuah,MY,2021-05-26 11:10:22,6.3265,99.8432,84.24,72,97,9.84
492,Angoram,PG,2021-05-26 11:12:19,-4.0625,144.0661,76.06,95,99,1.86
493,Puerto Lempira,HN,2021-05-26 11:12:19,15.2667,-83.7667,77.86,86,68,9.53
494,Tuma,RU,2021-05-26 11:12:20,55.148,40.5537,72.39,35,12,4.97
495,Alenquer,BR,2021-05-26 11:12:20,-1.9417,-54.7383,79.14,82,15,3.6
496,Male,MV,2021-05-26 11:12:20,4.1748,73.5089,83.89,76,99,24.14
497,Bharatpur,IN,2021-05-26 11:12:21,27.2167,77.4833,107.22,10,15,12.37
498,Katsuura,JP,2021-05-26 11:12:21,35.1333,140.3,71.11,75,100,11.72
499,Arlit,NE,2021-05-26 11:08:26,18.7369,7.3853,107.11,3,1,14.45
500,Ambon,ID,2021-05-26 11:09:42,-3.6954,128.1814,77.14,94,75,14.5
501,Ures,MX,2021-05-26 11:12:22,29.4333,-110.4,73.71,20,71,2.33
502,Comodoro Rivadavia,AR,2021-05-26 11:12:22,-45.8667,-67.5,43.0,91,100,9.86
503,Plettenberg Bay,ZA,2021-05-26 11:12:23,-34.0527,23.3716,64.99,52,99,4.25
504,Krasnoselkup,RU,2021-05-26 11:10:22,65.7,82.4667,38.75,52,27,10.4
505,General Macarthur,PH,2021-05-26 11:12:23,11.2464,125.5394,76.96,94,99,3.58
506,Turka,UA,2021-05-26 11:12:23,49.1541,23.0297,63.25,33,11,3.24
507,Wakkanai,JP,2021-05-26 11:12:24,45.4094,141.6739,47.55,90,53,5.28
508,Marystown,CA,2021-05-26 11:11:09,47.1666,-55.1483,43.65,97,100,11.99
509,College,US,2021-05-26 11:12:24,64.8569,-147.8028,48.79,61,40,4.61
510,Kologriv,RU,2021-05-26 11:12:25,58.8275,44.3178,52.05,56,96,5.97
511,Taltal,CL,2021-05-26 11:10:20,-25.4,-70.4833,68.86,42,95,4.83
512,Yeppoon,AU,2021-05-26 11:12:25,-23.1333,150.7333,64.18,73,24,4.59
513,Minab,IR,2021-05-26 11:12:26,27.1467,57.0801,108.9,20,0,19.28
514,Ambilobe,MG,2021-05-26 11:09:00,-13.2,49.05,85.95,46,0,7.56
515,Ferrol,ES,2021-05-26 11:12:26,43.4832,-8.2369,66.45,78,100,10.2
516,Huanren,CN,2021-05-26 11:12:26,41.2647,125.3667,52.72,99,100,4.5
517,Kaseda,JP,2021-05-26 11:12:27,31.4167,130.3167,66.85,78,100,9.44
518,Maragogi,BR,2021-05-26 11:12:27,-9.0122,-35.2225,79.9,75,2,12.3
519,Cairns,AU,2021-05-26 11:12:28,-16.9167,145.7667,71.55,86,75,6.91
520,Cumberland,US,2021-05-26 11:12:28,35.0502,-78.8664,73.27,87,40,3.44
521,Buckeye,US,2021-05-26 11:10:39,33.3703,-112.5838,80.06,16,100,3.22
522,Poronaysk,RU,2021-05-26 11:09:08,49.2167,143.1167,37.51,92,100,8.52
523,Malindi,KE,2021-05-26 11:12:29,-3.2175,40.1191,82.51,65,70,19.28
524,Unguia,CO,2021-05-26 11:12:30,8.0434,-77.0945,75.13,99,100,2.46
525,Aripuana,BR,2021-05-26 11:12:30,-9.1667,-60.6333,72.01,86,56,2.3
526,Douentza,ML,2021-05-26 11:12:31,14.9951,-2.9517,103.77,22,76,9.28
527,Tateyama,JP,2021-05-26 11:12:31,34.9833,139.8667,71.02,75,100,9.42
528,Basco,PH,2021-05-26 11:11:45,20.4487,121.9702,85.35,74,0,9.91
529,Hirara,JP,2021-05-26 11:12:32,24.8,125.2833,82.44,82,88,14.81
530,Mogadishu,SO,2021-05-26 11:11:12,2.0371,45.3438,81.88,68,11,17.25
531,Cockburn Town,TC,2021-05-26 11:12:32,21.4612,-71.1419,80.56,74,40,13.8
532,Calatayud,ES,2021-05-26 11:12:32,41.3535,-1.6432,69.55,50,100,2.35
533,Shilong,CN,2021-05-26 11:12:33,23.1123,113.8425,87.76,68,48,9.06
534,Dedza,MW,2021-05-26 11:12:33,-14.3779,34.3332,68.05,34,0,3.36
535,Jieshi,CN,2021-05-26 11:12:34,22.8134,115.8257,83.28,78,7,8.7
536,Talaja,IN,2021-05-26 11:12:34,21.35,72.05,98.29,38,99,17.36
537,Alugan,PH,2021-05-26 11:12:34,12.2188,125.4808,82.69,81,98,5.99
538,Egvekinot,RU,2021-05-26 11:12:35,66.3167,-179.1667,30.74,63,43,12.68
539,Acapulco,MX,2021-05-26 11:11:56,16.8634,-99.8901,78.35,67,96,4.34
540,Agadez,NE,2021-05-26 11:12:35,19.75,10.25,102.65,4,0,14.2
541,Otane,NZ,2021-05-26 11:12:36,-39.8833,176.6333,49.01,91,77,0.92
542,Sibiti,CG,2021-05-26 11:12:36,-3.6819,13.3499,85.69,54,26,4.45
543,Juneau,US,2021-05-26 11:07:43,58.3019,-134.4197,47.21,95,90,3.0
544,Yamada,JP,2021-05-26 11:12:36,39.4667,141.95,53.96,68,100,6.93
545,Kosh-Agach,RU,2021-05-26 11:12:37,50.0,88.6667,67.06,31,65,8.88
546,Sauda,NO,2021-05-26 11:12:37,59.6506,6.3542,63.07,66,99,14.0
547,Manokwari,ID,2021-05-26 11:10:31,-0.8667,134.0833,77.45,86,100,4.61
548,Inuvik,CA,2021-05-26 11:12:38,68.3499,-133.7218,33.46,78,97,7.14
549,Umm Kaddadah,SD,2021-05-26 11:12:38,13.6017,26.6876,99.07,22,39,8.77
550,Inhambane,MZ,2021-05-26 11:11:36,-23.865,35.3833,78.06,42,14,4.97
551,Tacuarembo,UY,2021-05-26 11:12:38,-31.7333,-55.9833,45.86,87,1,3.58
552,Urengoy,RU,2021-05-26 11:12:39,65.9667,78.3667,46.85,35,84,8.43
553,Baghdad,IQ,2021-05-26 11:12:39,33.3406,44.4009,100.31,16,0,13.49
554,Umm Lajj,SA,2021-05-26 11:12:40,25.0213,37.2685,89.37,47,0,10.94
555,Havoysund,NO,2021-05-26 11:12:40,70.9963,24.6622,41.88,65,37,4.94
556,Tursunzoda,TJ,2021-05-26 11:12:41,38.5144,68.2333,83.28,20,21,6.96
557,El Playon,CO,2021-05-26 11:12:41,7.4713,-73.2031,70.93,77,91,4.38
558,Muriti,TZ,2021-05-26 11:12:41,-1.9833,32.9167,76.01,60,42,8.39
559,Virginia Beach,US,2021-05-26 11:09:34,36.8529,-75.978,73.47,94,75,9.22
560,Esperance,AU,2021-05-26 11:12:42,-33.8667,121.9,58.82,60,94,7.56
561,Ivanava,BY,2021-05-26 11:12:42,52.1451,25.5365,62.53,54,13,10.67
562,Kuminskiy,RU,2021-05-26 11:12:42,58.6667,66.5667,54.01,88,98,18.88
563,Buala,SB,2021-05-26 11:12:43,-8.145,159.5921,79.83,82,100,9.66
564,Shelburne,CA,2021-05-26 11:12:43,44.0787,-80.2041,69.28,74,89,13.51
565,Gao,ML,2021-05-26 11:12:44,16.6362,1.637,105.33,8,64,5.41
566,Radhanpur,IN,2021-05-26 11:09:11,23.8333,71.6,100.76,37,2,12.19
567,Verkh-Chebula,RU,2021-05-26 11:12:44,56.0308,87.6218,60.57,64,45,5.28
568,Tongliao,CN,2021-05-26 11:12:45,43.6125,122.2653,61.0,43,100,11.7
569,Xuddur,SO,2021-05-26 11:12:45,4.1213,43.8894,81.97,50,92,17.69
570,Salinopolis,BR,2021-05-26 11:12:45,-0.6136,-47.3561,82.11,77,86,8.28
571,Boysun,UZ,2021-05-26 11:12:46,38.2061,67.1986,83.12,14,91,7.87
572,Santa Fe,AR,2021-05-26 11:08:26,-31.6333,-60.7,51.01,94,0,1.01
573,Villa De Cura,VE,2021-05-26 11:12:46,10.0386,-67.4894,71.08,83,35,0.74
574,Sosnovo-Ozerskoye,RU,2021-05-26 11:08:26,52.5249,111.5418,53.06,44,100,7.83
575,Makokou,GA,2021-05-26 11:12:47,0.5738,12.8642,83.1,70,100,0.34
576,Mungwi,ZM,2021-05-26 11:12:47,-10.1732,31.3694,75.15,34,11,4.9
577,Sobolevo,RU,2021-05-26 11:12:48,54.4299,31.8996,57.34,94,100,9.93
578,Puerto Leguizamo,CO,2021-05-26 11:12:48,-0.1934,-74.7819,71.1,100,100,2.1
579,Zapolyarnyy,RU,2021-05-26 11:12:48,69.4154,30.8136,38.48,48,96,3.94
580,Mangan,IN,2021-05-26 11:12:49,27.5167,88.5333,76.44,91,100,2.04
581,Charters Towers,AU,2021-05-26 11:12:49,-20.1,146.2667,64.49,64,46,8.48
582,Mantua,IT,2021-05-26 11:12:49,45.1667,10.7833,71.91,65,30,8.01
583,Rafai,CF,2021-05-26 11:12:50,4.95,23.9167,95.97,34,39,3.06
584,Paamiut,GL,2021-05-26 11:12:50,61.994,-49.6678,37.0,68,89,7.29
585,Namibe,AO,2021-05-26 11:12:50,-15.1961,12.1522,84.4,45,0,6.29
586,Camenca,MD,2021-05-26 11:12:51,48.0319,28.6978,62.1,92,100,8.08
587,Henderson,US,2021-05-26 11:12:51,36.0397,-114.9819,79.72,16,1,1.99
588,Bacolod,PH,2021-05-26 11:10:13,10.6667,122.95,82.18,77,100,6.93
589,Canutama,BR,2021-05-26 11:12:51,-6.5339,-64.3831,72.07,98,94,2.01
590,Qasigiannguit,GL,2021-05-26 11:12:52,68.8193,-51.1922,48.45,75,100,6.17
591,Tagusao,PH,2021-05-26 11:12:52,9.1924,117.8141,83.48,70,31,2.01
592,Hamilton,US,2021-05-26 11:10:30,39.1834,-84.5333,71.29,83,75,6.4
593,Arroyo,ES,2021-05-26 11:12:53,41.6096,-4.7969,70.21,45,0,5.44
594,Marzuq,YE,2021-05-26 11:12:53,14.4,46.4667,92.19,19,21,12.55
595,High Level,CA,2021-05-26 11:08:54,58.5169,-117.136,38.39,42,100,9.82
596,Creel,MX,2021-05-26 11:12:53,27.75,-107.6333,46.49,40,14,2.19
597,San Jeronimo,PE,2021-05-26 11:12:54,-11.9472,-75.2829,41.0,88,98,2.06
598,Dalvik,IS,2021-05-26 11:12:54,65.9702,-18.5286,51.67,53,21,3.74
599,Apad,PH,2021-05-26 11:12:54,13.815,122.7664,82.58,79,90,7.72
600,Svarstad,NO,2021-05-26 11:12:55,59.399,9.9698,52.07,58,100,5.99
601,Tabas,IR,2021-05-26 11:12:55,33.5959,56.9244,101.61,8,28,14.54
602,Skibbereen,IE,2021-05-26 11:12:55,51.55,-9.2667,57.0,68,100,3.71
603,Chapais,CA,2021-05-26 11:12:56,49.7834,-74.8492,62.13,92,100,11.41
604,Santa Cruz,BO,2021-05-26 11:11:38,-17.8,-63.1667,62.47,80,81,0.63
605,Saint-Pierre,RE,2021-05-26 11:10:20,-21.3393,55.4781,82.04,72,20,6.91
606,Abu Dhabi,AE,2021-05-26 11:10:02,24.4667,54.3667,91.89,54,0,10.71
607,Hrinova,SK,2021-05-26 11:12:57,48.5779,19.5257,61.34,43,1,6.67
608,Gazojak,TM,2021-05-26 11:12:57,41.1875,61.4036,99.93,8,31,7.96
609,Zhangjiakou,CN,2021-05-26 11:12:57,40.81,114.8794,65.66,31,60,12.46
610,Asau,RO,2021-05-26 11:12:58,46.4333,26.4,58.12,89,100,2.91
611,Tilichiki,RU,2021-05-26 11:12:58,60.4667,166.1,34.05,93,99,6.2
612,Pirgos,GR,2021-05-26 11:12:58,35.1167,25.7178,83.93,49,0,3.04
613,Komsomolets,KZ,2021-05-26 11:12:59,53.7453,62.0708,76.35,31,40,17.2
614,Kupang,ID,2021-05-26 11:08:22,-10.1667,123.5833,81.18,74,20,14.97
615,Yekaterinoslavka,RU,2021-05-26 11:12:59,50.3734,129.1139,49.77,78,43,7.38
616,Lata,PT,2021-05-26 11:13:00,40.1629,-8.3327,82.72,50,33,4.38
617,Tecoanapa,MX,2021-05-26 11:10:19,16.5167,-98.75,79.07,74,100,4.72
618,Andros Town,BS,2021-05-26 11:13:00,24.7,-77.7667,71.56,65,4,12.24
619,Klaksvik,FO,2021-05-26 11:13:01,62.2266,-6.589,50.92,81,67,18.57
620,Kanniyakumari,IN,2021-05-26 11:13:01,8.0833,77.5667,78.3,89,100,24.11
621,Pitea,SE,2021-05-26 11:13:01,65.3172,21.4794,55.09,61,66,9.19
622,Cap-Aux-Meules,CA,2021-05-26 11:13:02,47.3821,-61.8597,51.85,93,90,11.5
623,Anadyr,RU,2021-05-26 11:10:15,64.75,177.4833,37.62,73,100,6.93
624,Redlands,US,2021-05-26 11:13:02,34.0556,-117.1825,73.99,52,1,3.44
625,Muromtsevo,RU,2021-05-26 11:13:03,56.3724,75.2418,88.83,34,63,13.62
626,Port Said,EG,2021-05-26 11:13:03,31.2565,32.2841,76.15,65,0,10.71
627,Amasya,TR,2021-05-26 11:13:03,40.6667,35.8333,80.28,34,1,4.79
628,Ovsyanka,RU,2021-05-26 11:13:04,55.9575,92.5519,65.37,30,6,9.98
629,Itupiranga,BR,2021-05-26 11:13:04,-5.1347,-49.3267,78.1,78,8,2.37
630,Oktyabrskiy,RU,2021-05-26 11:13:04,54.4815,53.471,68.29,41,91,12.06
631,Hervey Bay,AU,2021-05-26 11:11:39,-25.2986,152.8535,66.02,83,0,1.01
632,Grandview,US,2021-05-26 11:13:05,38.8858,-94.533,67.33,97,90,1.01
633,Springville,US,2021-05-26 11:13:06,40.1652,-111.6107,57.85,65,1,3.06
634,Asfi,MA,2021-05-26 11:13:06,32.2994,-9.2372,67.51,71,0,14.32
635,Meulaboh,ID,2021-05-26 11:13:06,4.1363,96.1285,83.75,75,88,12.48
636,Yulara,AU,2021-05-26 11:13:07,-25.2406,130.9889,57.04,44,86,8.05
637,Sorland,NO,2021-05-26 11:13:07,67.667,12.6934,51.87,76,22,18.99
638,Sokode,TG,2021-05-26 11:13:08,8.9833,1.1333,92.86,44,56,4.72
639,Pacifica,US,2021-05-26 11:08:55,37.6138,-122.4869,53.58,87,1,1.01
640,Tomatlan,MX,2021-05-26 11:13:08,19.9333,-105.25,71.26,71,5,1.36
641,Muroto,JP,2021-05-26 11:13:08,33.2833,134.15,66.07,75,100,8.01
642,Piacabucu,BR,2021-05-26 11:13:09,-10.4056,-36.4344,79.81,76,19,10.25
643,Puerto Cabezas,NI,2021-05-26 11:13:09,14.0351,-83.3888,76.89,90,88,11.36
644,Gainesville,US,2021-05-26 11:11:20,29.6516,-82.3248,67.08,91,1,0.0
645,Mugur-Aksy,RU,2021-05-26 11:08:30,50.35,90.5,62.24,38,50,13.76
646,Ordynskoye,RU,2021-05-26 11:13:10,54.3656,81.8994,85.78,35,5,2.24
647,Almunecar,ES,2021-05-26 11:13:10,36.7339,-3.6907,85.53,70,50,3.98
648,Erenhot,CN,2021-05-26 11:13:10,43.6475,111.9767,64.44,19,58,11.95
649,Guarapari,BR,2021-05-26 11:13:11,-20.6667,-40.4975,71.49,74,100,1.92
650,Hambantota,LK,2021-05-26 11:13:11,6.1241,81.1185,84.81,70,96,25.26
651,Yelizovo,RU,2021-05-26 11:11:18,53.1873,158.3805,38.5,98,100,6.24
652,Ballina,AU,2021-05-26 11:11:02,-28.8667,153.5667,62.78,76,41,7.45
653,Imbituba,BR,2021-05-26 11:13:12,-28.24,-48.6703,55.29,71,2,4.99
654,Malishka,AM,2021-05-26 11:13:12,39.7376,45.39,76.84,49,30,3.24
655,Pantai Remis,MY,2021-05-26 11:13:13,4.4557,100.6288,83.7,78,90,3.94
656,Puerto Asis,CO,2021-05-26 11:13:13,0.5133,-76.5007,69.57,99,100,1.1
657,Haines Junction,CA,2021-05-26 11:13:13,60.7522,-137.5108,42.66,95,82,3.02
658,Bowen,AU,2021-05-26 11:13:14,-20.0167,148.2333,70.84,73,20,13.09
659,Boueni,YT,2021-05-26 11:13:14,-12.9025,45.0761,84.18,71,6,15.12
660,Taguatinga,BR,2021-05-26 11:13:15,-12.3857,-46.5711,75.63,39,37,5.66
661,Lichinga,MZ,2021-05-26 11:13:15,-13.3128,35.2406,72.27,35,0,2.04
662,Changji,CN,2021-05-26 11:13:15,44.0167,87.3167,93.99,9,0,6.98
663,Bubaque,GW,2021-05-26 11:13:16,11.2833,-15.8333,78.69,73,100,6.76
664,Aasiaat,GL,2021-05-26 11:12:25,68.7098,-52.8699,32.88,82,97,11.45
665,Palora,EC,2021-05-26 11:13:16,-1.7,-77.9333,66.31,93,95,2.01
666,Rimbey,CA,2021-05-26 11:13:17,52.6334,-114.2353,42.22,86,100,11.59
667,Aksu,CN,2021-05-26 11:13:17,41.1231,80.2644,86.92,8,100,4.16
668,Mitsamiouli,KM,2021-05-26 11:13:17,-11.3847,43.2844,79.34,67,30,11.34
669,Okhotsk,RU,2021-05-26 11:13:18,59.3833,143.3,38.93,73,74,14.56
670,Palmer,US,2021-05-26 11:13:18,42.1584,-72.3287,66.13,80,20,1.99
671,Santa Margherita Ligure,IT,2021-05-26 11:13:18,44.3346,9.212,70.74,69,39,4.0
672,Mangrol,IN,2021-05-26 11:13:19,21.1167,70.1167,86.18,74,39,17.47
673,Pampa,US,2021-05-26 11:13:19,35.5362,-100.9599,67.15,88,1,11.5
674,Hanzhong,CN,2021-05-26 11:13:19,33.0728,107.0303,75.45,63,99,2.19
675,Escanaba,US,2021-05-26 11:13:20,45.7453,-87.0646,60.21,90,1,6.91
676,Halifax,CA,2021-05-26 11:11:50,44.6453,-63.5724,60.53,76,83,15.99
677,Malanje,AO,2021-05-26 11:13:20,-9.5402,16.341,77.77,33,0,7.2
678,Kuusamo,FI,2021-05-26 11:13:21,65.9667,29.1833,42.84,75,20,8.05
679,Tibati,CM,2021-05-26 11:13:21,6.4667,12.6333,76.35,76,100,2.19
680,Eregli,TR,2021-05-26 11:13:21,37.5133,34.0467,83.84,17,0,5.97
681,Popondetta,PG,2021-05-26 11:13:22,-8.7537,148.2534,75.58,83,100,2.84
682,Yining,CN,2021-05-26 11:13:22,29.0361,114.5636,67.95,99,100,0.58
683,Ilam,NP,2021-05-26 11:13:22,26.9167,87.9167,68.31,88,100,4.41
684,Gonen,TR,2021-05-26 11:13:23,40.1049,27.654,79.47,52,67,10.78
685,Tefe,BR,2021-05-26 11:13:23,-3.3542,-64.7114,73.26,98,98,0.76
686,Kahului,US,2021-05-26 11:09:26,20.8947,-156.47,74.84,86,1,4.61
687,Namatanai,PG,2021-05-26 11:13:24,-3.6667,152.4333,79.12,86,100,6.67
688,Arcata,US,2021-05-26 11:13:24,40.8665,-124.0828,52.2,92,90,4.0
689,Dezful,IR,2021-05-26 11:13:24,32.3811,48.4058,98.74,11,0,8.95
690,Uren,RU,2021-05-26 11:13:25,57.4552,45.7852,63.07,43,63,8.5
691,Sabzevar,IR,2021-05-26 11:13:25,36.2126,57.6819,95.43,10,10,9.93
692,Conde,BR,2021-05-26 11:13:26,-7.2597,-34.9075,79.41,72,2,14.65
693,Phuket,TH,2021-05-26 11:13:26,8.0,98.25,86.0,87,75,7.52
694,Rabat,MA,2021-05-26 11:13:26,33.9911,-6.8401,79.03,60,82,7.23
695,Gemena,CD,2021-05-26 11:13:27,3.25,19.7667,92.71,41,96,4.76
696,Dunedin,NZ,2021-05-26 11:10:10,-45.8742,170.5036,45.81,58,6,5.99
697,Luangwa,ZM,2021-05-26 11:13:27,-15.6167,30.4167,79.3,38,2,5.66
698,Pinega,RU,2021-05-26 11:13:28,64.7001,43.3936,47.93,32,60,5.99
699,Tomball,US,2021-05-26 11:12:01,30.0972,-95.6161,74.7,92,90,0.0
700,Broome,US,2021-05-26 11:13:28,42.2506,-75.833,70.48,87,20,1.01
701,Palmas,BR,2021-05-26 11:13:29,-10.2128,-48.3603,75.07,73,0,3.44
702,Great Yarmouth,GB,2021-05-26 11:13:30,52.6083,1.7305,56.44,89,64,19.66
703,Lodja,CD,2021-05-26 11:12:11,-3.4833,23.4333,92.01,28,14,4.36
704,Kloulklubed,PW,2021-05-26 11:13:31,7.0419,134.2556,79.3,77,38,4.68
705,Vila Franca Do Campo,PT,2021-05-26 11:13:31,37.7167,-25.4333,64.81,94,100,11.23
706,Ilmajoki,FI,2021-05-26 11:13:31,62.7333,22.5667,59.99,42,75,14.0
707,Nuuk,GL,2021-05-26 11:13:32,64.1835,-51.7216,36.21,80,75,9.22
708,Sayyan,YE,2021-05-26 11:13:32,15.1718,44.3244,78.94,11,39,17.54
709,Igarka,RU,2021-05-26 11:13:32,67.4667,86.5833,34.41,63,40,13.09
710,Puro,PH,2021-05-26 11:13:33,12.4841,123.3827,84.88,73,73,4.25
711,Ukiah,US,2021-05-26 11:11:56,39.1502,-123.2078,57.04,87,1,0.0
712,Oktyabrskoye,RU,2021-05-26 11:13:33,43.0645,44.7417,59.14,82,90,6.51
713,Jardim,BR,2021-05-26 11:13:33,-21.4803,-56.1381,65.05,81,2,1.41
714,Espita,MX,2021-05-26 11:13:34,21.0167,-88.3167,72.23,98,97,4.36
715,Tarut,SA,2021-05-26 11:13:34,26.5733,50.0369,106.02,27,0,20.83
716,Kolokani,ML,2021-05-26 11:13:34,13.5728,-8.0339,99.05,27,100,8.14
717,Noshiro,JP,2021-05-26 11:13:35,40.2039,140.0242,54.32,88,53,6.8
718,Sisophon,KH,2021-05-26 11:13:35,13.5859,102.9737,83.23,77,91,7.58
719,Guanhaes,BR,2021-05-26 11:11:55,-18.775,-42.9325,65.88,92,97,3.53
720,Houma,US,2021-05-26 11:13:36,29.5958,-90.7195,71.6,95,1,0.0
721,Odoyev,RU,2021-05-26 11:13:36,53.9393,36.6864,71.58,51,14,11.43
722,Urusha,RU,2021-05-26 11:13:36,54.05,122.9,40.14,97,100,4.18
723,Jiaohe,CN,2021-05-26 11:13:37,43.7286,127.3447,49.66,90,100,6.29
724,Hadejia,NG,2021-05-26 11:13:37,12.4498,10.0444,103.46,9,7,3.53
725,Columbia,US,2021-05-26 11:13:37,34.0007,-81.0348,70.2,82,75,1.01
726,Taraz,KZ,2021-05-26 11:13:38,42.9,71.3667,77.41,38,90,4.47
727,Bonavista,CA,2021-05-26 11:13:38,48.6499,-53.1147,46.11,93,100,13.71
728,Fort Abbas,PK,2021-05-26 11:09:04,29.1925,72.8536,110.17,9,0,6.17
729,San Rafael,AR,2021-05-26 11:10:46,-34.6177,-68.3301,52.57,38,83,5.14
730,Trincomalee,LK,2021-05-26 11:13:39,8.5711,81.2335,84.61,72,100,27.6
731,Centerville,US,2021-05-26 11:09:58,39.6284,-84.1594,70.11,83,1,1.01
732,Shetpe,KZ,2021-05-26 11:13:39,44.1667,52.1167,86.22,37,99,19.89
733,Nelson Bay,AU,2021-05-26 11:10:05,-32.7167,152.15,62.01,76,5,14.27
734,Copiapo,CL,2021-05-26 11:13:40,-27.3667,-70.3333,42.49,15,100,3.13
735,Hukuntsi,BW,2021-05-26 11:13:40,-24.0,21.75,73.0,22,0,7.45
736,Derzhavinsk,KZ,2021-05-26 11:10:08,51.1,66.3167,88.97,24,92,23.87
737,Ferme-Neuve,CA,2021-05-26 11:13:41,46.7001,-75.4493,64.56,94,47,9.01
738,Chirongui,YT,2021-05-26 11:13:41,-12.9319,45.1483,84.13,71,6,14.61
739,Sanchi,IN,2021-05-26 11:13:41,23.4833,77.7333,103.32,12,94,17.4
740,Chekhov,RU,2021-05-26 11:13:42,55.1431,37.4711,75.09,45,32,10.33
741,Bartica,GY,2021-05-26 11:13:42,6.4,-58.6167,75.52,99,95,1.66
742,Labuan,MY,2021-05-26 11:13:43,5.2767,115.2417,86.16,68,88,6.53
743,Bone,DE,2021-05-26 11:13:43,51.9669,12.1396,58.71,67,81,16.71
744,Langenburg,DE,2021-05-26 11:13:43,49.2544,9.8458,51.08,84,90,14.09
745,Solano,US,2021-05-26 11:13:44,38.2333,-121.9511,57.24,79,1,10.36
746,Tuensang,IN,2021-05-26 11:13:44,26.2833,94.8333,76.75,95,84,0.47
747,Morganton,US,2021-05-26 11:13:44,35.7454,-81.6848,69.06,96,90,2.13
748,Kachug,RU,2021-05-26 11:13:45,53.9606,105.8817,55.2,48,100,6.91
749,Rudnya,RU,2021-05-26 11:13:45,54.947,31.0934,51.93,90,100,11.21
750,Caucaia,BR,2021-05-26 11:13:46,-3.7361,-38.6531,82.08,65,20,12.33
751,Borogontsy,RU,2021-05-26 11:13:46,62.6683,131.1683,52.18,78,85,3.85
752,Shenjiamen,CN,2021-05-26 11:13:46,29.9576,122.298,68.41,96,100,8.95
753,Deer Lake,CA,2021-05-26 11:13:47,49.1667,-57.4316,37.26,93,90,8.05
754,Honiara,SB,2021-05-26 11:13:47,-9.4333,159.95,77.04,83,100,4.79
755,Nasice,HR,2021-05-26 11:13:48,45.4886,18.0878,68.56,48,0,3.0
756,Kirakira,SB,2021-05-26 11:13:48,-10.4544,161.9205,75.52,80,100,10.29
757,Kupino,RU,2021-05-26 11:13:48,54.3663,77.2981,94.51,17,5,12.91
758,Beira,MZ,2021-05-26 11:10:42,-19.8436,34.8389,80.69,47,20,3.09
759,San Vicente,AR,2021-05-26 11:13:49,-26.6167,-54.1333,50.83,60,42,1.81
760,Goderich,CA,2021-05-26 11:13:49,43.7501,-81.7165,69.21,98,100,13.78
761,Sena Madureira,BR,2021-05-26 11:13:50,-9.0656,-68.6569,68.68,89,65,2.01
762,Ewa Beach,US,2021-05-26 11:12:15,21.3156,-158.0072,74.7,80,1,4.0
763,Sungairaya,ID,2021-05-26 11:11:08,0.7,108.9,82.47,78,99,6.17
764,Ucluelet,CA,2021-05-26 11:11:31,48.9329,-125.5528,52.09,86,100,3.09
765,Bucerias,MX,2021-05-26 11:13:36,20.75,-105.3333,73.98,88,1,3.31
766,Pafos,CY,2021-05-26 11:13:51,34.7667,32.4167,90.23,69,0,9.22
767,Tarko-Sale,RU,2021-05-26 11:13:51,64.9225,77.785,49.64,36,90,11.79
768,Oranjestad,AW,2021-05-26 11:13:51,12.524,-70.027,80.91,81,20,5.99
769,Sanghar,PK,2021-05-26 11:13:52,26.0466,68.9481,116.67,8,2,2.28
770,Amurzet,RU,2021-05-26 11:13:52,47.6967,131.0981,56.21,54,67,6.2
771,Balykshi,KZ,2021-05-26 11:13:52,47.0667,51.8667,98.6,15,0,8.95
772,Bara,NG,2021-05-26 11:13:53,10.3744,10.7288,99.16,28,27,3.53
773,Khajuraho,IN,2021-05-26 11:13:53,24.85,79.9333,104.2,13,84,13.98
774,Arman,RU,2021-05-26 11:13:54,59.7,150.1667,41.72,86,100,3.6
775,Hannan,JP,2021-05-26 11:13:54,34.3217,135.2325,67.5,56,0,6.02
776,Pinotepa Nacional,MX,2021-05-26 11:13:55,16.3167,-98.0167,75.78,75,100,2.57
777,Gualeguay,AR,2021-05-26 11:13:55,-33.1416,-59.3097,46.63,87,17,5.26
778,Betsiamites,CA,2021-05-26 11:13:55,48.9413,-68.646,50.58,100,97,5.5
779,Mahmudabad,IN,2021-05-26 11:13:56,27.3,81.1167,96.76,14,78,4.05
780,Lima,PE,2021-05-26 11:10:42,-12.0432,-77.0282,62.13,62,90,3.44
781,Bayan,CN,2021-05-26 11:13:56,46.0833,127.4,60.48,33,67,5.39
782,Santa Rosalia,MX,2021-05-26 11:13:56,27.3167,-112.2833,70.18,36,96,8.55
783,Stornoway,GB,2021-05-26 11:12:19,58.2093,-6.3865,49.96,81,75,14.97
784,Tucuman,AR,2021-05-26 11:13:57,-26.8241,-65.2226,50.67,71,39,3.4
